{
    "auth": {
      "username": "USERNAME",
      "access_key": "ACCESSKEY"
    },
    "browsers": [{
        "browser": "chrome",
        "os": "Windows 10",
        "versions": ["latest"]
      }
    ],
    "run_settings": {
      "cypress_config_file": "./cypress.config.js",
      "cypress_version": "12.3",
      "project_name": "Cypress DATABASE TESTING",
      "build_name": "Build no. 1",
      "parallels": "5",
      "npm_dependencies": {
        "cypress": "^12.8.1",
        "mysql": "github:mysqljs/mysql",
        "axios":"1.7.4"
      }
    },
    "connection_settings": {
        "local": true
    }
  }
